,name,location,type,adname,address
0,升华园,"116.726693,23.388433",公司企业;农林牧渔基地;其它农林牧渔基地,龙湖区,紫虹南街与紫虹西街交叉口南20米
1,才标鱼场,"116.709872,23.425200",公司企业;农林牧渔基地;其它农林牧渔基地,龙湖区,兴安路万裕金鱼养殖基地c4
2,小程园艺,"116.751265,23.366279",公司企业;农林牧渔基地;其它农林牧渔基地,龙湖区,金砂东路丰华花园东北侧
3,大伟农场,"116.723599,23.363889",公司企业;农林牧渔基地;其它农林牧渔基地,龙湖区,丹霞庄中区24栋
4,龙盛印刷,"116.717772,23.376479",公司企业;农林牧渔基地;其它农林牧渔基地,龙湖区,龙湖工业区E1栋1层
5,阿尾鱼苗场,"116.783444,23.359922",公司企业;农林牧渔基地;其它农林牧渔基地,龙湖区,中山东路
6,五常市绿洲米业有限公司,"116.723650,23.425999",公司企业;农林牧渔基地;其它农林牧渔基地,龙湖区,泰山北路(汕头粤东粮食交易批发市场东侧)
7,阳光牧场,"116.721038,23.361443",公司企业;农林牧渔基地;其它农林牧渔基地,龙湖区,长平路98号群光广场F3
8,外砂狮头鹅种鹅场,"116.762719,23.443194",公司企业;农林牧渔基地;家禽养殖基地,龙湖区,662乡道附近
9,和易养殖场,"116.703420,23.406662",公司企业;农林牧渔基地;其它农林牧渔基地,龙湖区,欧下码头向北120米
10,毅轩花木场,"116.751569,23.366357",公司企业;农林牧渔基地;其它农林牧渔基地,龙湖区,金砂东路丰华花园东侧约40米
11,叶子农业科普园,"116.769354,23.380577",公司企业;农林牧渔基地;其它农林牧渔基地,龙湖区,
12,老洪园林,"116.764814,23.370618",公司企业;农林牧渔基地;其它农林牧渔基地,龙湖区,金砂东路金津桥旁四季春花市大门往里56米
13,韩江锦鲤养殖场,"116.709291,23.424656",公司企业;农林牧渔基地;其它农林牧渔基地,龙湖区,南安街与龟桥南路交叉口西北100米
14,森野星空牧场,"116.773170,23.386388",公司企业;农林牧渔基地;其它农林牧渔基地,龙湖区,新海桑葚园
15,启韵园林,"116.764946,23.371643",公司企业;农林牧渔基地;其它农林牧渔基地,龙湖区,金砂东路辅路与404乡道交叉口西约140米
16,润兴园生态农业,"116.730518,23.437426",公司企业;农林牧渔基地;其它农林牧渔基地,龙湖区,溪西村
17,波波幸福农场,"116.771820,23.388163",公司企业;农林牧渔基地;其它农林牧渔基地,龙湖区,津东路路侧
18,华记蔬菜基地,"116.787959,23.378861",公司企业;农林牧渔基地;其它农林牧渔基地,龙湖区,新海街道十一合村太湖路东南一路2号
19,庄盛丰农园,"116.778009,23.421641",公司企业;农林牧渔基地;其它农林牧渔基地,龙湖区,新溪镇北中村田片沙路上下
20,立农立耕文化,"116.724344,23.439153",公司企业;农林牧渔基地;其它农林牧渔基地,龙湖区,渔五路与铁洲防汛路交叉口西240米
21,曦农庄,"116.730511,23.437441",公司企业;农林牧渔基地;其它农林牧渔基地,龙湖区,铁洲防汛路与乐裕街交叉口东南400米
22,物元农场,"116.747348,23.355938",公司企业;农林牧渔基地;其它农林牧渔基地,龙湖区,乐业街龙光·尚海阳光
23,周湖茶场,"116.739303,23.371105",公司企业;农林牧渔基地;其它农林牧渔基地,龙湖区,广寿街华丽家园西南侧约130米
24,绿韵园艺,"116.764743,23.354618",公司企业;农林牧渔基地;其它农林牧渔基地,龙湖区,永安永南中街与永安汕充公路交叉口向北100米绿韵园艺
25,新溪镇莲子种植基地,"116.795886,23.39972",公司企业;农林牧渔基地;其它农林牧渔基地,龙湖区,金鸿大道
26,得平养殖场,"116.794989,23.401292",公司企业;农林牧渔基地;其它农林牧渔基地,龙湖区,津东路与金鸿公路交叉口西南320米
27,汕头市盈嘉种养专业合作社,"116.771587,23.380397",公司企业;农林牧渔基地;其它农林牧渔基地,龙湖区,新兴路68号
28,盛猛种植农民专业合作社,"116.801457,23.392108",公司企业;农林牧渔基地;其它农林牧渔基地,龙湖区,大兴村中心路南15巷7号
29,汕头市老洪园林绿化有限公司(花城店),"116.728040,23.395670",公司企业;农林牧渔基地;其它农林牧渔基地,龙湖区,嵩山北路汕头花城花城路33号
30,博雅居农场,"116.743062,23.440652",公司企业;农林牧渔基地;其它农林牧渔基地,龙湖区,迎宾北路凤窖华侨学校北侧约70米
31,汕头市龙湖区大衙蔬菜种养专业合作社,"116.716747,23.457684",公司企业;农林牧渔基地;其它农林牧渔基地,龙湖区,德泽路
32,利来园艺,"116.764683,23.371816",公司企业;农林牧渔基地;其它农林牧渔基地,龙湖区,金砂东路金津桥北侧(香域水岸附近)
33,香域花木场,"116.765582,23.372838",公司企业;农林牧渔基地;其它农林牧渔基地,龙湖区,沈海高速与金砂东路交叉路口往东北约250米
34,汕头高信花木苗圃基地,"116.734938,23.357304",公司企业;农林牧渔基地;其它农林牧渔基地,龙湖区,金涛街汕头市金涛小学东南侧约70米
35,锦艺花木场,"116.765915,23.372136",公司企业;农林牧渔基地;其它农林牧渔基地,龙湖区,金砂东路香域水岸3号门旁
36,汕头市龙湖区外砂五香溪家禽养殖专业合作社养殖场,"116.790015,23.428566",公司企业;农林牧渔基地;其它农林牧渔基地,龙湖区,外砂五香溪
37,本港海鲜水产,"116.597032,23.320857",公司企业;农林牧渔基地;其它农林牧渔基地,金平区,东方街道浔洄
38,森态园艺,"116.678938,23.377846",公司企业;农林牧渔基地;其它农林牧渔基地,金平区,大学路吉祥工业区
39,码头花木场,"116.698141,23.397446",公司企业;农林牧渔基地;其它农林牧渔基地,金平区,护堤路大路村北侧约90米
40,天港种植园,"116.626578,23.373267",公司企业;农林牧渔基地;其它农林牧渔基地,金平区,天港中路
41,滨利水产养殖有限公司,"116.678191,23.422177",公司企业;农林牧渔基地;其它农林牧渔基地,金平区,青年路与月津路交叉路口往西北约250米
42,茂诚花木园(第三分场),"116.591799,23.436134",公司企业;农林牧渔基地;其它农林牧渔基地,金平区,
43,信自然五谷杂粮种植基地,"116.690707,23.401228",公司企业;农林牧渔基地;其它农林牧渔基地,金平区,马西中路38号新洲工业园1幢
44,金窖家庭农场,"116.694677,23.412576",公司企业;农林牧渔基地;其它农林牧渔基地,金平区,赤窖大道老柑园厝
45,绿康花木培植基地,"116.683136,23.412466",公司企业;农林牧渔基地;其它农林牧渔基地,金平区,揭东路与揭阳路交叉口北200米
46,老林果园,"116.620070,23.374552",公司企业;农林牧渔基地;其它农林牧渔基地,金平区,071县道与天港南路交叉口东南40米
47,番石榴园,"116.619116,23.378762",公司企业;农林牧渔基地;其它农林牧渔基地,金平区,071县道东50米
48,汕头市园林管理处鮀岛苗圃场,"116.683428,23.429944",公司企业;农林牧渔基地;其它农林牧渔基地,金平区,青年路沟南山沟农庄前面
49,中海度假村幸福农场,"116.688368,23.229816",公司企业;农林牧渔基地;其它农林牧渔基地,濠江区,中海·龙虎滩北
50,达濠番茄种植基地,"116.700537,23.264556",公司企业;农林牧渔基地;其它农林牧渔基地,濠江区,泰和食品旁
51,温室育苗场,"116.652934,23.288816",公司企业;农林牧渔基地;其它农林牧渔基地,濠江区,河浦大道中段南侧丹樱生态园内
52,澳士兰生态观光牧场,"116.659348,23.252270",公司企业;农林牧渔基地;其它农林牧渔基地,濠江区,河浦大道国土局濠江区国土局西侧
53,广澳虾场,"116.809728,23.236815",公司企业;农林牧渔基地;其它农林牧渔基地,濠江区,
54,健信农场,"116.690318,23.285238",公司企业;农林牧渔基地;其它农林牧渔基地,濠江区,莘湖路与湖海路交叉口西500米
55,广东尚丰生态农业园,"116.705511,23.266162",公司企业;农林牧渔基地;其它农林牧渔基地,濠江区,马滘街道大众路尾麦田肚青松木业后面东北侧
56,开心农场,"116.716199,23.266454",公司企业;农林牧渔基地;其它农林牧渔基地,濠江区,马滘街道海星社区星和园九横十八号
57,钿源家庭农场,"116.665876,23.235420",公司企业;农林牧渔基地;其它农林牧渔基地,濠江区,滨海街道上头社区上塭洋
58,绿翠花木场,"116.680275,23.236062",公司企业;农林牧渔基地;其它农林牧渔基地,濠江区,滨海街道林后居委顶池西1号
59,欢集农场,"116.686858,23.229825",公司企业;农林牧渔基地;其它农林牧渔基地,濠江区,中信大道与规划路3交叉口北200米
60,达濠区林场,"116.721682,23.295141",公司企业;农林牧渔基地;其它农林牧渔基地,濠江区,礐石风景名胜区达濠区林场
61,河浦养殖场,"116.695716,23.270991",公司企业;农林牧渔基地;其它农林牧渔基地,濠江区,宣武街汕头渡西寺附近
62,亚热带雨林区,"116.686550,23.332341",公司企业;农林牧渔基地;其它农林牧渔基地,濠江区,礐石海旁路4号礐石风景名胜区附近焰峰景区内
63,绿泰园林,"116.667445,23.325626",公司企业;农林牧渔基地;其它农林牧渔基地,濠江区,228国道与324国道交叉口东南400米
64,大坪养殖场,"116.659324,23.268292",公司企业;农林牧渔基地;其它农林牧渔基地,濠江区,玉新街道燎原社区
65,汕头市银岛养殖专业合作社,"116.632830,23.315645",公司企业;农林牧渔基地;其它农林牧渔基地,濠江区,324国道与福昆线交叉口西北520米
66,汕头市牧天农业科技有限公司,"116.637301,23.279969",公司企业;农林牧渔基地;其它农林牧渔基地,濠江区,河浦街道河北社区石音坑水库下
67,市鱼苗场,"116.588283,23.245548",公司企业;农林牧渔基地;其它农林牧渔基地,潮阳区,城西五路与城西西路交叉路口往东北约210米
68,松园茶庄,"116.421705,23.355683",公司企业;农林牧渔基地;其它农林牧渔基地,潮阳区,饶中路与惠民路交叉口东南120米
69,十亩花田,"116.659529,23.209830",公司企业;农林牧渔基地;其它农林牧渔基地,潮阳区,海门镇坑尾村沟古内片一巷号
70,灿兴园艺,"116.440114,23.282852",公司企业;农林牧渔基地;其它农林牧渔基地,潮阳区,环南路金宝贝幼儿园西南侧约160米
71,汕头市顺杰农机种养合作社,"116.466619,23.235680",公司企业;农林牧渔基地;其它农林牧渔基地,潮阳区,粤华路
72,陈富佳马蹄种植,"116.379041,23.464985",公司企业;农林牧渔基地;其它农林牧渔基地,潮阳区,桥陈村
73,大南居委浩峰种养场,"116.615394,23.241215",公司企业;农林牧渔基地;其它农林牧渔基地,潮阳区,潮海路潮阳区城南大南小学西侧约100米
74,养猪场,"116.625287,23.194974",公司企业;农林牧渔基地;家禽养殖基地,潮阳区,和睦中学南侧约220米
75,鹏兴农场(杨梅观光自摘),"116.467725,23.412008",公司企业;农林牧渔基地;其它农林牧渔基地,潮阳区,鹏兴农场杨梅观光自摘附近
76,平南村林场,"116.575765,23.285375",公司企业;农林牧渔基地;其它农林牧渔基地,潮阳区,
77,双望村林场,"116.583195,23.268159",公司企业;农林牧渔基地;其它农林牧渔基地,潮阳区,
78,梅西村林场,"116.516787,23.268835",公司企业;农林牧渔基地;其它农林牧渔基地,潮阳区,
79,和平镇林场,"116.489190,23.271874",公司企业;农林牧渔基地;其它农林牧渔基地,潮阳区,星光路
80,东棚农场,"116.434542,23.421599",公司企业;农林牧渔基地;其它农林牧渔基地,潮阳区,
81,洋贝村林场,"116.435761,23.436110",公司企业;农林牧渔基地;其它农林牧渔基地,潮阳区,关埠镇洋贝村道
82,波头村林场,"116.426321,23.430233",公司企业;农林牧渔基地;其它农林牧渔基地,潮阳区,关埠镇
83,谷饶镇农场,"116.405535,23.379300",公司企业;农林牧渔基地;其它农林牧渔基地,潮阳区,
84,大联村林场,"116.415431,23.445464",公司企业;农林牧渔基地;其它农林牧渔基地,潮阳区,S234与新宫路交叉路口往东南约100米
85,沟南村林场,"116.383307,23.381266",公司企业;农林牧渔基地;其它农林牧渔基地,潮阳区,谷饶镇
86,乌滘村林场,"116.379133,23.384430",公司企业;农林牧渔基地;其它农林牧渔基地,潮阳区,
87,坑仔村林场,"116.372008,23.372132",公司企业;农林牧渔基地;其它农林牧渔基地,潮阳区,
88,大寨农场,"116.375773,23.402345",公司企业;农林牧渔基地;其它农林牧渔基地,潮阳区,
89,贵屿镇林场,"116.363944,23.393777",公司企业;农林牧渔基地;其它农林牧渔基地,潮阳区,
90,金玉镇农场,"116.374653,23.443652",公司企业;农林牧渔基地;其它农林牧渔基地,潮阳区,金灶镇金高路
91,阳木花圃,"116.539247,23.258006",公司企业;农林牧渔基地;其它农林牧渔基地,潮阳区,福昆线汕头市潮阳区职业技术学校西南侧约300米
92,小丽草莓园,"116.395050,23.348447",公司企业;农林牧渔基地;其它农林牧渔基地,潮阳区,谷饶镇东明村工业路
93,龙港农庄,"116.368631,23.477273",公司企业;农林牧渔基地;其它农林牧渔基地,潮阳区,
94,浙江草莓场,"116.459411,23.248249",公司企业;农林牧渔基地;其它农林牧渔基地,潮阳区,324国道与北环大道交叉口东160米
95,潮阳区鱼苗场,"116.586998,23.319015",公司企业;农林牧渔基地;其它农林牧渔基地,潮阳区,
96,普宁花木场,"116.611652,23.275785",公司企业;农林牧渔基地;其它农林牧渔基地,潮阳区,城东大道汕头市高级技工学校(潮阳分校)北侧约110米
97,企头沟农园,"116.530692,23.357897",公司企业;农林牧渔基地;其它农林牧渔基地,潮阳区,河溪镇桑田村西田桥
98,园林景观花圃,"116.512447,23.359204",公司企业;农林牧渔基地;其它农林牧渔基地,潮阳区,S234(潮揭路)
99,陂头鱼苗养殖场,"116.474994,23.376682",公司企业;农林牧渔基地;其它农林牧渔基地,潮阳区,潮揭路59号
100,汕头市广丰养殖基地,"116.511714,23.275651",公司企业;农林牧渔基地;其它农林牧渔基地,潮阳区,
101,喜丰农场,"116.470641,23.406048",公司企业;农林牧渔基地;其它农林牧渔基地,潮阳区,西胪镇埔尾村白宫前洋
102,网地埔杨梅园,"116.468879,23.411423",公司企业;农林牧渔基地;其它农林牧渔基地,潮阳区,西胪镇埔尾村
103,胜前赛鸽联队,"116.435172,23.290978",公司企业;农林牧渔基地;其它农林牧渔基地,潮阳区,兴富路247号
104,汕头市潮阳区御龙农场,"116.501169,23.233632",公司企业;农林牧渔基地;其它农林牧渔基地,潮阳区,和平镇下寨乡
105,新龙莲雾种植基地,"116.481327,23.203410",公司企业;农林牧渔基地;其它农林牧渔基地,潮阳区,和惠公路新龙乡盐汀交界处
106,果物吉市(舒荣村),"116.385897,23.460184",公司企业;农林牧渔基地;其它农林牧渔基地,潮阳区,
107,果物吉市(桥陈村),"116.379459,23.460979",公司企业;农林牧渔基地;其它农林牧渔基地,潮阳区,
108,国嘉苗圃场,"116.470241,23.424066",公司企业;农林牧渔基地;其它农林牧渔基地,潮阳区,
109,斌斌土蜜蜂养殖场,"116.384632,23.494159",公司企业;农林牧渔基地;其它农林牧渔基地,潮阳区,金灶镇仙阳村南路往南方向30米
110,金灶玉林(青枣)采摘园,"116.389068,23.466771",公司企业;农林牧渔基地;其它农林牧渔基地,潮阳区,金灶镇
111,老矮三捻橄榄园,"116.362187,23.419696",公司企业;农林牧渔基地;其它农林牧渔基地,潮阳区,159乡道与151乡道交叉口西北360米
112,潮兴花木场,"116.478119,23.228410",公司企业;农林牧渔基地;其它农林牧渔基地,潮阳区,和平镇里美乡里南路路口
113,贵洋鸽舍,"116.341738,23.317384",公司企业;农林牧渔基地;其它农林牧渔基地,潮阳区,贵屿镇后望村平南四巷5号
114,果苗种植园,"116.363854,23.417587",公司企业;农林牧渔基地;其它农林牧渔基地,潮阳区,金灶芦塘村159乡道
115,金灶盛记农场,"116.399204,23.485415",公司企业;农林牧渔基地;其它农林牧渔基地,潮阳区,河下村
116,阿盛中蜂场,"116.413227,23.472470",公司企业;农林牧渔基地;其它农林牧渔基地,潮阳区,玉路乡道
117,周发农场,"116.373927,23.320337",公司企业;农林牧渔基地;其它农林牧渔基地,潮阳区,
118,利民农场,"116.455692,23.432363",公司企业;农林牧渔基地;其它农林牧渔基地,潮阳区,鸿达汽车服务中心旁边利民农场
119,金灶瑞源种养场,"116.430858,23.467132",公司企业;农林牧渔基地;其它农林牧渔基地,潮阳区,金灶镇灶内村
120,阿杰花木场,"116.442426,23.303637",公司企业;农林牧渔基地;其它农林牧渔基地,潮阳区,铜盂镇洋美村新公路路口
121,秋洪花木场,"116.547338,23.243267",公司企业;农林牧渔基地;其它农林牧渔基地,潮阳区,金浦镇三堡小学向前200米
122,赤杜岭油甘科普园,"116.442029,23.394131",公司企业;农林牧渔基地;其它农林牧渔基地,潮阳区,赤杜岭风景区
123,南海渔业养殖场,"116.672904,23.206905",公司企业;农林牧渔基地;其它农林牧渔基地,潮阳区,
124,金洪合作社,"116.515014,23.256524",公司企业;农林牧渔基地;其它农林牧渔基地,潮阳区,金浦街道梅西白石洋
125,雄兴花木场,"116.436456,23.279356",公司企业;农林牧渔基地;其它农林牧渔基地,潮阳区,环南路新雅布行东侧约70米
126,洋贝昭兴杉场,"116.443755,23.451363",公司企业;农林牧渔基地;其它农林牧渔基地,潮阳区,
127,艺轩花木场,"116.556737,23.317276",公司企业;农林牧渔基地;其它农林牧渔基地,潮阳区,河溪镇潮关路
128,茂新花木场,"116.405390,23.359285",公司企业;农林牧渔基地;其它农林牧渔基地,潮阳区,惠民路与饶西路交叉口西200米
129,蝴蝶兰种植基地,"116.547235,23.257571",公司企业;农林牧渔基地;其它农林牧渔基地,潮阳区,324国道与农崎路交叉口北20米
130,洋贝花木场,"116.440334,23.444344",公司企业;农林牧渔基地;其它农林牧渔基地,潮阳区,关埠镇洋贝村路口50米
131,隆盛园,"116.417321,23.294496",公司企业;农林牧渔基地;其它农林牧渔基地,潮阳区,铜盂镇老溪西北港路
132,港底老林场,"116.450556,23.420946",公司企业;农林牧渔基地;其它农林牧渔基地,潮阳区,
133,玉路鹅场,"116.414295,23.475991",公司企业;农林牧渔基地;其它农林牧渔基地,潮阳区,
134,阿泽犬舍,"116.434349,23.286080",公司企业;农林牧渔基地;其它农林牧渔基地,潮阳区,兴富路与新兴路交叉口东北520米
135,汕头市德顺种养专业合作社,"116.540773,23.381815",公司企业;农林牧渔基地;其它农林牧渔基地,潮阳区,西胪镇西胪港十五斗
136,汕头市南海渔业公司种苗场,"116.673258,23.206912",公司企业;农林牧渔基地;其它农林牧渔基地,潮阳区,
137,汕头市澳泰种养专业合作社,"116.507457,23.203843",公司企业;农林牧渔基地;其它农林牧渔基地,潮阳区,云溪禅寺附近
138,汕头市潮阳区河溪东荣种养场,"116.568158,23.299874",公司企业;农林牧渔基地;其它农林牧渔基地,潮阳区,河溪镇华东村长营路海岩寺旁边
139,汕头市沃林农业种养专业合作社,"116.556861,23.259904",公司企业;农林牧渔基地;其它农林牧渔基地,潮阳区,金浦街道南门苗井广汕公路北22号
140,汕头市潮阳区四海水产养殖基地,"116.632757,23.180455",公司企业;农林牧渔基地;其它农林牧渔基地,潮阳区,海门镇澳内
141,汕头市潮阳区顺利农机专业合作社,"116.421214,23.304995",公司企业;农林牧渔基地;其它农林牧渔基地,潮阳区,新桥村
142,田心镇林场,"116.544721,23.147034",公司企业;农林牧渔基地;其它农林牧渔基地,潮南区,陇田镇G15沈海高速
143,西勇农场,"116.49308,23.137634",公司企业;农林牧渔基地;其它农林牧渔基地,潮南区,陇田镇西湖村林场犬头园
144,三凯兰园,"116.361481,23.288428",公司企业;农林牧渔基地;其它农林牧渔基地,潮南区,
145,畅兴花木场,"116.386790,23.193744",公司企业;农林牧渔基地;其它农林牧渔基地,潮南区,汕头市潮南区职业技术教育中心西侧约200米
146,松兴园艺,"116.401646,23.260022",公司企业;农林牧渔基地;其它农林牧渔基地,潮南区,北环大道与上方大道交汇处前100米
147,合兴盛,"116.431323,23.232285",公司企业;农林牧渔基地;其它农林牧渔基地,潮南区,东环路与西环路交叉口西北150米
148,森雄种植有限公司,"116.563956,23.178883",公司企业;农林牧渔基地;其它农林牧渔基地,潮南区,井都镇森雄种植有限公司
149,潮乡葡萄沟,"116.528339,23.177469",体育休闲服务;休闲场所;采摘园|公司企业;农林牧渔基地;其它农林牧渔基地,潮南区,陇田镇东华村委会办公楼201房
150,阿鑫罗汉鱼场,"116.441870,23.218756",公司企业;农林牧渔基地;其它农林牧渔基地,潮南区,植英路溪尾植英小学东北侧约160米
151,志丰蔬菜种植场,"116.560964,23.179588",公司企业;农林牧渔基地;其它农林牧渔基地,潮南区,沈海高速
152,岭秀农场,"116.395395,23.254164",公司企业;农林牧渔基地;其它农林牧渔基地,潮南区,广汕公路峡山街道洋陈卫生站西侧约150米
153,古厝农场,"116.355750,23.206590",公司企业;农林牧渔基地;其它农林牧渔基地,潮南区,
154,汕头市绿宛种养专业合作社,"116.530857,23.107681",公司企业;农林牧渔基地;其它农林牧渔基地,潮南区,G228与爱华路交叉路口往北约50米
155,汕头市铂乐园种养有限公司,"116.330347,23.202918",公司企业;农林牧渔基地;其它农林牧渔基地,潮南区,仙城镇利陂村坑坝洋888号
156,汕头市潮南区荣润种养专业合作社,"116.572739,23.196638",公司企业;农林牧渔基地;其它农林牧渔基地,潮南区,井都镇凤光村丹凤路南段
157,镇添虾池,"116.605661,23.217530",公司企业;农林牧渔基地;其它农林牧渔基地,潮南区,
158,番石榴园,"116.521073,23.147689",公司企业;农林牧渔基地;其它农林牧渔基地,潮南区,陇田镇田四村叶洋宫前番石榴园
159,阿扁农场,"116.546779,23.165251",公司企业;农林牧渔基地;其它农林牧渔基地,潮南区,井都镇诗家村外湖顶
160,潮发花木场,"116.496754,23.188372",公司企业;农林牧渔基地;其它农林牧渔基地,潮南区,陇田镇和惠路段
161,山佳果业(潮南区基地),"116.479441,23.192179",公司企业;农林牧渔基地;其它农林牧渔基地,潮南区,学校路
162,锋盛花木场,"116.399558,23.259259",公司企业;农林牧渔基地;其它农林牧渔基地,潮南区,北环大道洋汾林路段
163,开心农场,"116.391281,23.253842",公司企业;农林牧渔基地;其它农林牧渔基地,潮南区,洋汾陈村学校边
164,三弟花木场,"116.452706,23.262728",公司企业;农林牧渔基地;其它农林牧渔基地,潮南区,环城公路东溪晓升中学东侧约270米
165,泽明鸽舍,"116.408759,23.232313",公司企业;农林牧渔基地;其它农林牧渔基地,潮南区,
166,乐兴花木场,"116.466652,23.230340",公司企业;农林牧渔基地;其它农林牧渔基地,潮南区,粤华路
167,辉发花木场,"116.397481,23.244942",公司企业;农林牧渔基地;其它农林牧渔基地,潮南区,
168,绿康源花木场,"116.316649,23.250128",公司企业;农林牧渔基地;其它农林牧渔基地,潮南区,陈店镇文光乡陈仙公路258号
169,啊五羊场,"116.338374,23.199198",公司企业;农林牧渔基地;其它农林牧渔基地,潮南区,
170,大堀洋果园,"116.427094,23.202484",公司企业;农林牧渔基地;其它农林牧渔基地,潮南区,峡新公路
171,灏辉园,"116.402214,23.260369",公司企业;农林牧渔基地;其它农林牧渔基地,潮南区,北环大道与上方大道交叉口西80米
172,肥仔养殖场,"116.327777,23.202820",公司企业;农林牧渔基地;其它农林牧渔基地,潮南区,
173,千叶蝴蝶兰基地,"116.488347,23.156581",公司企业;农林牧渔基地;其它农林牧渔基地,潮南区,
174,轩景花木场,"116.448960,23.181318",公司企业;农林牧渔基地;其它农林牧渔基地,潮南区,陈沙公路上陇希望小学南侧约260米
175,东北花木场,"116.399901,23.201907",公司企业;农林牧渔基地;其它农林牧渔基地,潮南区,两英东北游泳池路口
176,锦记花木场,"116.380764,23.216975",公司企业;农林牧渔基地;其它农林牧渔基地,潮南区,东英路与古美西四街交叉口东南300米
177,华发生态园,"116.309428,23.273555",公司企业;农林牧渔基地;其它农林牧渔基地,潮南区,陈店镇西环路湖西段金雀幼儿园悦莱兴门业旁边
178,叠石柑园,"116.419467,23.170044",公司企业;农林牧渔基地;其它农林牧渔基地,潮南区,两英镇叠石村
179,青青园苗圃场,"116.488721,23.157672",公司企业;农林牧渔基地;其它农林牧渔基地,潮南区,陇田青青园苗圃场(陈沙公路南)
180,汕头市源生地种养有限公司,"116.308418,23.108595",公司企业;农林牧渔基地;其它农林牧渔基地,潮南区,苏光村
181,汕头市潮南区浩顺种植专业合作社,"116.453028,23.262464",公司企业;农林牧渔基地;其它农林牧渔基地,潮南区,环城公路
182,汕头市溪尾脐橙专业合作社,"116.443302,23.211196",公司企业;农林牧渔基地;其它农林牧渔基地,潮南区,胪岗镇溪尾周村沟南五
183,峡山街道潮东生猪定点屠宰场,"116.443305,23.266769",公司企业;农林牧渔基地;其它农林牧渔基地,潮南区,环城公路群星幼儿园(潮东园)西北侧约280米
184,汕头市华隆绿生态农业有限公司,"116.536844,23.099903",公司企业;农林牧渔基地;其它农林牧渔基地,潮南区,华林村林场
185,糖灶农场,"116.354087,23.121373",公司企业;农林牧渔基地;农场,潮南区,雷岭镇龟山村
186,星辉生态种养农场-蝴蝶兰种植基地,"116.457453,23.212592",公司企业;农林牧渔基地;其它农林牧渔基地,潮南区,胪岗镇政府往港头方向约500米处
187,双山村捕鱼场,"116.552610,23.150133",公司企业;农林牧渔基地;其它农林牧渔基地,潮南区,双山村捕鱼场西南90米
188,华林村林场,"116.534702,23.101782",公司企业;农林牧渔基地;其它农林牧渔基地,潮南区,陇田镇G15沈海高速
189,新中林场,"116.424738,23.144983",公司企业;农林牧渔基地;其它农林牧渔基地,潮南区,
190,新联林场,"116.421761,23.144395",公司企业;农林牧渔基地;其它农林牧渔基地,潮南区,
191,仙斗林场,"116.414184,23.152460",公司企业;农林牧渔基地;其它农林牧渔基地,潮南区,
192,下东浦林场,"116.391604,23.131055",公司企业;农林牧渔基地;其它农林牧渔基地,潮南区,两英镇红场镇巫字学校东450米
193,新民林场,"116.456962,23.169697",公司企业;农林牧渔基地;其它农林牧渔基地,潮南区,
194,浩溪林场,"116.495807,23.123930",公司企业;农林牧渔基地;其它农林牧渔基地,潮南区,
195,田心林场,"116.498909,23.119175",公司企业;农林牧渔基地;其它农林牧渔基地,潮南区,陇田镇
196,林楼林场,"116.461811,23.147971",公司企业;农林牧渔基地;其它农林牧渔基地,潮南区,
197,仙新林场,"116.423990,23.177437",公司企业;农林牧渔基地;其它农林牧渔基地,潮南区,
198,溪西林场,"116.494459,23.111615",公司企业;农林牧渔基地;其它农林牧渔基地,潮南区,
199,简朴村林场,"116.466736,23.129626",公司企业;农林牧渔基地;其它农林牧渔基地,潮南区,成田镇
200,华林林场,"116.502246,23.102255",公司企业;农林牧渔基地;其它农林牧渔基地,潮南区,
201,风吹村林场,"116.405847,23.185049",公司企业;农林牧渔基地;其它农林牧渔基地,潮南区,两英镇
202,东北村林场,"116.390533,23.191719",公司企业;农林牧渔基地;其它农林牧渔基地,潮南区,两英镇陈沙公路
203,家美林场,"116.441621,23.130093",公司企业;农林牧渔基地;其它农林牧渔基地,潮南区,
204,东波林场,"116.447499,23.117391",公司企业;农林牧渔基地;其它农林牧渔基地,潮南区,
205,家一林场,"116.437033,23.123054",公司企业;农林牧渔基地;其它农林牧渔基地,潮南区,311乡道北100米
206,成田镇茶场,"116.451431,23.111650",公司企业;农林牧渔基地;其它农林牧渔基地,潮南区,
207,虎空林场,"116.344882,23.071365",公司企业;农林牧渔基地;其它农林牧渔基地,潮南区,
208,西新林场,"116.404953,23.142713",公司企业;农林牧渔基地;其它农林牧渔基地,潮南区,
209,溪尾林场,"116.388225,23.145665",公司企业;农林牧渔基地;其它农林牧渔基地,潮南区,
210,沙陂林场,"116.433219,23.090521",公司企业;农林牧渔基地;其它农林牧渔基地,潮南区,
211,秋风岭农场,"116.360334,23.166493",公司企业;农林牧渔基地;其它农林牧渔基地,潮南区,235省道东100米
212,上小坑村林场,"116.335874,23.200647",公司企业;农林牧渔基地;其它农林牧渔基地,潮南区,两英镇
213,利陂村林业总场,"116.325321,23.201603",公司企业;农林牧渔基地;其它农林牧渔基地,潮南区,仙城镇狮母棚
214,仙城镇林场,"116.314430,23.203107",公司企业;农林牧渔基地;其它农林牧渔基地,潮南区,仙城镇翠峰岩寺东南750米
215,审公处林场,"116.370719,23.114769",公司企业;农林牧渔基地;其它农林牧渔基地,潮南区,
216,古厝林场,"116.329418,23.166253",公司企业;农林牧渔基地;其它农林牧渔基地,潮南区,两英镇水头村
217,文光村林场,"116.316054,23.166222",公司企业;农林牧渔基地;其它农林牧渔基地,潮南区,
218,利陂村林场,"116.314810,23.162705",公司企业;农林牧渔基地;其它农林牧渔基地,潮南区,
219,金溪村林场,"116.303236,23.185674",公司企业;农林牧渔基地;其它农林牧渔基地,潮南区,
220,娘山林场,"116.294684,23.197128",公司企业;农林牧渔基地;其它农林牧渔基地,潮南区,仙城镇素中桥仙湖风景区
221,下小坑村林场,"116.306766,23.168344",公司企业;农林牧渔基地;其它农林牧渔基地,潮南区,
222,岭龙花圃,"116.762025,23.457548",公司企业;农林牧渔基地;其它农林牧渔基地,澄海区,澄华街道老国道蓬岭路
223,凤新二路月季园,"116.791247,23.452931",公司企业;农林牧渔基地;其它农林牧渔基地,澄海区,凤新二路与信西路交叉口南40米
224,广东省农业现代化示范区,"116.792379,23.442857",公司企业;农林牧渔基地;其它农林牧渔基地,澄海区,莱美路
225,老朝花木场,"116.720228,23.491461",公司企业;农林牧渔基地;其它农林牧渔基地,澄海区,X051(澄海公路)
226,五洲花木圃,"116.808701,23.478091",公司企业;农林牧渔基地;其它农林牧渔基地,澄海区,汕北大道
227,阿龙花木场,"116.804788,23.558911",公司企业;农林牧渔基地;其它农林牧渔基地,澄海区,055县道与合兴路交叉口西南320米
228,创盛蝴蝶兰基地,"116.794955,23.443473",公司企业;农林牧渔基地;其它农林牧渔基地,澄海区,莱美路白沙农场内
229,乐星花卉,"116.781030,23.513114",公司企业;农林牧渔基地;其它农林牧渔基地,澄海区,莲上工业大道澄海永新小学西畔分教点北侧约240米
230,万宝猪场,"116.791621,23.530231",公司企业;农林牧渔基地;家禽养殖基地,澄海区,莲上镇塔山工业区
231,天时伞业,"116.832327,23.567499",公司企业;农林牧渔基地;其它农林牧渔基地,澄海区,东里镇樟林南社国道旁
232,永发电孵鹅苗,"116.811552,23.549006",公司企业;农林牧渔基地;家禽养殖基地,澄海区,南砂乡公路边邮政银行华文雅居附近
233,科牧羊场,"116.830862,23.497123",公司企业;农林牧渔基地;其它农林牧渔基地,澄海区,莲下镇永合路中段
234,锦辉园林,"116.759073,23.466526",公司企业;农林牧渔基地;其它农林牧渔基地,澄海区,澄华街道泰安路德泰4路星颖写字楼
235,坝头养殖场,"116.843140,23.434283",公司企业;农林牧渔基地;其它农林牧渔基地,澄海区,凤翔街道坝头养殖场
236,澄海市红岭果林场,"116.824137,23.608385",公司企业;农林牧渔基地;其它农林牧渔基地,澄海区,
237,汕头市蔬菜基地南徽片区,"116.807885,23.522616",公司企业;农林牧渔基地;其它农林牧渔基地,澄海区,莲上镇南徽村(南发工业区东部)
238,莲上镇农业科技推广示范基地,"116.809688,23.508129",公司企业;农林牧渔基地;其它农林牧渔基地,澄海区,莲上镇裕德大道
239,白沙良种场,"116.801200,23.449374",公司企业;农林牧渔基地;其它农林牧渔基地,澄海区,白沙蔬菜原种研究所西北150米
240,汕头市蛋鸡场,"116.805787,23.450673",公司企业;农林牧渔基地;其它农林牧渔基地,澄海区,白沙路丰珊猪场
241,白沙种鸡场,"116.794645,23.442890",公司企业;农林牧渔基地;其它农林牧渔基地,澄海区,莱美路中段
242,澄海区养殖基地南徽片区,"116.814945,23.524610",公司企业;农林牧渔基地;其它农林牧渔基地,澄海区,莲上镇南徽村南发大道
243,利农苗场,"116.827056,23.464088",公司企业;农林牧渔基地;其它农林牧渔基地,澄海区,莲鸿路与金鸿公路交叉口西320米
244,汕头市澄海区伟达种养专业合作社,"116.870855,23.530688",公司企业;农林牧渔基地;其它农林牧渔基地,澄海区,金鸿公路汕头市金港湾种养专业合作社斜对面
245,澄海区腾俊水产养殖专业合作社,"116.869135,23.595487",公司企业;农林牧渔基地;其它农林牧渔基地,澄海区,盐鸿镇金鸿公路
246,培铭园林,"116.803363,23.434151",公司企业;农林牧渔基地;其它农林牧渔基地,澄海区,莱美路与兴业东路交叉口南400米
247,阿舜花木场,"116.775732,23.448367",公司企业;农林牧渔基地;其它农林牧渔基地,澄海区,莱美路祥瑞家园西南侧约130米
248,老王石榴园,"116.795437,23.445500",公司企业;农林牧渔基地;其它农林牧渔基地,澄海区,汕北大道辅路与秀水路交叉口东南400米
249,科勤果园农场,"116.712526,23.520457",公司企业;农林牧渔基地;其它农林牧渔基地,澄海区,上华镇下陈村
250,乐众辣木种植基地,"116.735267,23.483480",公司企业;农林牧渔基地;其它农林牧渔基地,澄海区,澄江路澄江油站兴华路站东侧约240米
251,展农果蔬种植基地,"116.836197,23.468379",公司企业;农林牧渔基地;其它农林牧渔基地,澄海区,凤南路18号
252,岛门猪仔葡萄园,"116.739294,23.528466",公司企业;农林牧渔基地;其它农林牧渔基地,澄海区,
253,本梦Wild野生牧场,"116.831363,23.497160",公司企业;农林牧渔基地;其它农林牧渔基地,澄海区,永合路
254,汕头样样有果园,"116.770692,23.529081",公司企业;农林牧渔基地;其它农林牧渔基地,澄海区,莲下镇管陇村东畔大园
255,振兴虾苗合昌基地,"116.861705,23.490999",公司企业;农林牧渔基地;其它农林牧渔基地,澄海区,金鸿公路
256,章籍鹅场,"116.738832,23.555630",公司企业;农林牧渔基地;其它农林牧渔基地,澄海区,
257,跃门观赏鱼养殖基地,"116.814624,23.551406",公司企业;农林牧渔基地;其它农林牧渔基地,澄海区,溪南镇西社乡凤头路二十七巷1号
258,跃门观赏鱼基地,"116.814682,23.551403",公司企业;农林牧渔基地;其它农林牧渔基地,澄海区,文化路4号
259,六合南金曼农场,"116.862296,23.524235",公司企业;农林牧渔基地;其它农林牧渔基地,澄海区,溪南镇六合南
260,创嘉家庭农场,"116.745388,23.575894",公司企业;农林牧渔基地;其它农林牧渔基地,澄海区,
261,鸿乐家庭农场,"116.753021,23.575143",公司企业;农林牧渔基地;其它农林牧渔基地,澄海区,隆都镇后溪村下洋企南北片
262,坤发园艺,"116.816272,23.568328",公司企业;农林牧渔基地;其它农林牧渔基地,澄海区,东里镇三中学校对面
263,食安1号农场,"116.735722,23.582126",公司企业;农林牧渔基地;其它农林牧渔基地,澄海区,隆都下北大道
264,腾辉生态园,"116.859027,23.519399",公司企业;农林牧渔基地;其它农林牧渔基地,澄海区,金鸿公路与金溪路交叉口西南480米
265,抗快王虾苗,"116.872326,23.552159",公司企业;农林牧渔基地;其它农林牧渔基地,澄海区,
266,万利狮头鹅养殖场,"116.789012,23.514607",公司企业;农林牧渔基地;其它农林牧渔基地,澄海区,永新街道18号
267,金麟兰艺园,"116.746832,23.576077",公司企业;农林牧渔基地;其它农林牧渔基地,澄海区,后溪村板桥东片(金佳顺生态种养专业合作社)的招牌往里进约300米(恩乐家庭农场)对面
268,学亮三鸟场,"116.787134,23.570782",公司企业;农林牧渔基地;其它农林牧渔基地,澄海区,隆都镇东山村坑顶
269,蓝颜农场,"116.854986,23.514796",公司企业;农林牧渔基地;其它农林牧渔基地,澄海区,金凤公路溪南路段辛合围南侧
270,浩大水果,"116.867723,23.572195",公司企业;农林牧渔基地;其它农林牧渔基地,澄海区,
271,塘陇猪场,"116.790975,23.551304",公司企业;农林牧渔基地;其它农林牧渔基地,澄海区,
272,林合狮头鹅养殖场,"116.847832,23.556196",公司企业;农林牧渔基地;其它农林牧渔基地,澄海区,
273,新路鹅场,"116.801875,23.570159",公司企业;农林牧渔基地;其它农林牧渔基地,澄海区,玉莲路春晖幼儿园北侧约200米
274,山内林檎园,"116.861614,23.613525",公司企业;农林牧渔基地;其它农林牧渔基地,澄海区,莲花山路
275,嘉美科技农业,"116.747313,23.564559",公司企业;农林牧渔基地;其它农林牧渔基地,澄海区,前美村前美小学东侧
276,汕头市白沙禽畜原种研究所种鹅场,"116.802237,23.449048",公司企业;农林牧渔基地;其它农林牧渔基地,澄海区,兴业西二路白沙蔬菜原种研究所
277,副班养殖场,"116.829603,23.546965",公司企业;农林牧渔基地;其它农林牧渔基地,澄海区,溪南东社叶厝园
278,赵氏养蜂场,"116.783108,23.563901",公司企业;农林牧渔基地;其它农林牧渔基地,澄海区,隆都镇南溪村
279,草莓农场,"116.753862,23.530765",公司企业;农林牧渔基地;其它农林牧渔基地,澄海区,莲下镇大娘巾程洋冈南溪大桥头
280,澄海区地方公路管理站苗圃场,"116.838384,23.532823",公司企业;农林牧渔基地;其它农林牧渔基地,澄海区,金溪路
281,溪南树青种养专业合作社,"116.780069,23.541954",公司企业;农林牧渔基地;其它农林牧渔基地,澄海区,
282,广东食安种养专业合作社,"116.735684,23.582137",公司企业;农林牧渔基地;其它农林牧渔基地,澄海区,隆都镇下北小学西北(下北大道)
283,鸿图狮头鹅养殖有限公司,"116.817673,23.547809",公司企业;农林牧渔基地;其它农林牧渔基地,澄海区,溪南镇西社村崔厝港东路塘池底片20号
284,白沙农场,"116.772703,23.509264",公司企业;农林牧渔基地;其它农林牧渔基地,澄海区,工业大道
285,财记鹅业养殖基地,"116.718814,23.512030",公司企业;农林牧渔基地;其它农林牧渔基地,澄海区,
286,元顺农场,"116.855979,23.531155",公司企业;农林牧渔基地;其它农林牧渔基地,澄海区,金溪路南围附近
287,林业狮头鹅养殖场,"116.871508,23.558143",公司企业;农林牧渔基地;其它农林牧渔基地,澄海区,溪南镇东社村锁溪底1格
288,澄海苏氏家禽,"116.822888,23.580951",公司企业;农林牧渔基地;其它农林牧渔基地,澄海区,东里镇河美村木斗尾29-32号
289,福兴水产养殖场,"116.864101,23.460921",公司企业;农林牧渔基地;其它农林牧渔基地,澄海区,莲下镇福兴
290,北门林园,"116.863922,23.598264",公司企业;农林牧渔基地;其它农林牧渔基地,澄海区,
291,树葡萄嘉宝果种植基地,"116.840171,23.427445",公司企业;农林牧渔基地;其它农林牧渔基地,澄海区,336省道南50米
292,荷彩姜荷花种植基地,"116.817146,23.575883",公司企业;农林牧渔基地;其它农林牧渔基地,澄海区,莲华镇梅陇村前村道往碧砂村方向600米
293,白沙丰植园(精品多肉大棚),"116.799457,23.448343",公司企业;农林牧渔基地;其它农林牧渔基地,澄海区,凤翔街道汕头市白沙蔬菜原种研究所种子加工区(昌农)东侧
294,汕头市澄海区恒川家庭农场,"116.763536,23.567277",公司企业;农林牧渔基地;其它农林牧渔基地,澄海区,隆都镇上西村十亩池地
295,汕头市宏润果蔬专业合作社,"116.742036,23.584974",公司企业;农林牧渔基地;其它农林牧渔基地,澄海区,隆都镇下北村贡林乡牌
296,汕头市澄海区芳辉家庭农场,"116.763174,23.567887",公司企业;农林牧渔基地;其它农林牧渔基地,澄海区,隆都大巷
297,汕头市澄海区冬晓家庭农场,"116.747302,23.574208",公司企业;农林牧渔基地;其它农林牧渔基地,澄海区,后溪村X055县道旁
298,澄海区王公山土蜂养殖场,"116.797139,23.602453",公司企业;农林牧渔基地;其它农林牧渔基地,澄海区,539国道与南宁路交叉口西北500米
299,广东潮汕佬实业股份有限公司,"116.845185,23.428448",公司企业;农林牧渔基地;其它农林牧渔基地,澄海区,凤翔街道岭海工业区风雅路3号
300,中粤园艺,"116.829261,23.461003",公司企业;农林牧渔基地;花卉苗圃基地,澄海区,金鸿公路东100米
301,汕头市澄海区规伟家庭农场,"116.860510,23.611588",公司企业;农林牧渔基地;其它农林牧渔基地,澄海区,
302,裕源牧业有限公司笃丰种养场,"116.736847,23.501110",公司企业;农林牧渔基地;其它农林牧渔基地,澄海区,上坑村集贤学校附近
303,澄海凯达纯种狮头鹅苗养殖场,"116.785768,23.561088",公司企业;农林牧渔基地;其它农林牧渔基地,澄海区,
304,成鑫果园,"116.841950,23.523498",公司企业;农林牧渔基地;水果基地,澄海区,溪南镇
305,梅浦梅仙园梅州洋片区莲花种植基地,"116.783766,23.552364",公司企业;农林牧渔基地;其它农林牧渔基地,澄海区,
306,汕头市澄海区臻昂狮头鹅加工场,"116.733166,23.522492",公司企业;农林牧渔基地;其它农林牧渔基地,澄海区,云乔村
307,海上渔村,"117.109995,23.474328",公司企业;农林牧渔基地;渔场,南澳县,三澳村附近海面
308,红山养殖(鲍鱼)场,"117.087705,23.410405",公司企业;农林牧渔基地;其它农林牧渔基地,南澳县,S336附近
309,深蓝水域渔场,"117.013567,23.435021",公司企业;农林牧渔基地;其它农林牧渔基地,南澳县,武帝庙西南
310,圆山村林场,"117.058703,23.456292",公司企业;农林牧渔基地;其它农林牧渔基地,南澳县,汕头南澳岛旅游区
311,走马埠村林场,"117.072358,23.470856",公司企业;农林牧渔基地;其它农林牧渔基地,南澳县,南澳岛生态旅游区
312,瀛斌农场,"117.003730,23.441125",公司企业;农林牧渔基地;其它农林牧渔基地,南澳县,黄花山国家森林公园附近
313,深澳渔业,"117.101660,23.452359",公司企业;农林牧渔基地;其它农林牧渔基地,南澳县,南山路深澳中学西北侧约260米
314,西壁角农场,"117.095897,23.446429",公司企业;农林牧渔基地;农场,南澳县,勤晖建筑工程有限公司附近
315,尚鲜田园羊屿精准扶贫示范基地,"117.046427,23.446499",公司企业;农林牧渔基地;其它农林牧渔基地,南澳县,羊屿村屿北
316,南澳县地方国营黄花山林场,"116.994804,23.445529",公司企业;农林牧渔基地;其它农林牧渔基地,南澳县,X057汕头南澳岛旅游区
